{
"strukton01_ps":
{
    "deformation vector": "Line-Of-Sight",
    "wavelength [meters]": 0.031066578324760112,
    "master number": 18,
    "times [years]": [
        -0.8889347183877317,
        -0.8588183650218232,
        -0.8287020111121152,
        -0.7985856925770872,
        -0.7684693286892674,
        -0.738352987244744,
        -0.7082366201482319,
        -0.6781202479615375,
        -0.6480038914578634,
        -0.6178875044068807,
        -0.587771138460169,
        -0.5576547526767168,
        -0.5275383870785738,
        -0.4974220062067666,
        -0.46730563002480946,
        -0.4371892527337494,
        -0.40707290560976583,
        -0.37695651947773506,
        -0.3468401404121581,
        -0.3167237752893279,
        -0.28660740069177654,
        -0.25649102745679647,
        -0.2263746462364205,
        -0.19625825652364243,
        -0.16614188576034647,
        -0.13602549921636997,
        -0.10590912068949276,
        -0.07579274510960249,
        -0.0456763866412705,
        -0.015560009001651753,
        0.014556352635481794,
        0.044672698111692555,
        0.07478905055927669,
        0.10490539441939817,
        0.13502175561289254,
        0.1651380566307114,
        0.1952543921251649,
        0.22537076523339095,
        0.25548710022084814,
        0.2856034564076271,
        0.31571982320991365,
        0.3458361864314529,
        0.37595255982487064,
        0.4060689399678471,
        0.436185309748824,
        0.4663016921733336,
        0.49641806490130747,
        0.5265344236865047,
        0.5566508058258426,
        0.5867671740540873,
        0.6168835686785202,
        0.6469999291748872,
        0.6771163029802406,
        0.7072326708599267,
        0.7373490533478233,
        0.7674654467047356,
        0.7975818030182685,
        0.8276981898157532,
        0.8578145673286179,
        0.9180473186151524
    ],
    "date times": [
        "15-DEC-2015 06:09:00.174078",
        "26-DEC-2015 06:09:00.007058",
        "06-JAN-2016 06:08:59.857199",
        "17-JAN-2016 06:08:58.591000",
        "28-JAN-2016 06:08:58.756026",
        "08-FEB-2016 06:08:58.212796",
        "19-FEB-2016 06:08:58.479081",
        "01-MAR-2016 06:08:58.906000",
        "12-MAR-2016 06:08:58.838000",
        "23-MAR-2016 06:08:59.734000",
        "03-APR-2016 06:08:59.964000",
        "14-APR-2016 06:09:00.820000",
        "25-APR-2016 06:09:01.039000",
        "06-MAY-2016 06:09:01.740000",
        "17-MAY-2016 06:09:02.293000",
        "28-MAY-2016 06:09:02.881000",
        "08-JUN-2016 06:09:02.517000",
        "19-JUN-2016 06:09:03.384000",
        "30-JUN-2016 06:09:04.028000",
        "11-JUL-2016 06:09:04.232000",
        "22-JUL-2016 06:09:04.735000",
        "02-AUG-2016 06:09:05.195000",
        "13-AUG-2016 06:09:05.907000",
        "24-AUG-2016 06:09:06.887000",
        "04-SEP-2016 06:09:07.269000",
        "15-SEP-2016 06:09:08.149000",
        "26-SEP-2016 06:09:08.776000",
        "07-OCT-2016 06:09:09.310000",
        "18-OCT-2016 06:09:09.304000",
        "29-OCT-2016 06:09:09.903000",
        "09-NOV-2016 06:09:09.997000",
        "20-NOV-2016 06:09:09.581000",
        "01-DEC-2016 06:09:09.385000",
        "12-DEC-2016 06:09:08.918000",
        "23-DEC-2016 06:09:08.998000",
        "03-JAN-2017 06:09:07.179000",
        "14-JAN-2017 06:09:06.448000",
        "25-JAN-2017 06:09:06.904000",
        "05-FEB-2017 06:09:06.157000",
        "16-FEB-2017 06:09:06.079000",
        "27-FEB-2017 06:09:06.336000",
        "10-MAR-2017 06:09:06.480000",
        "21-MAR-2017 06:09:06.945000",
        "01-APR-2017 06:09:07.623000",
        "12-APR-2017 06:09:07.974000",
        "23-APR-2017 06:09:08.724000",
        "04-MAY-2017 06:09:09.168000",
        "15-MAY-2017 06:09:09.172000",
        "26-MAY-2017 06:09:09.913000",
        "06-JUN-2017 06:09:10.215000",
        "17-JUN-2017 06:09:11.350000",
        "28-JUN-2017 06:09:11.408000",
        "09-JUL-2017 06:09:11.886000",
        "20-JUL-2017 06:09:12.177000",
        "31-JUL-2017 06:09:12.929000",
        "11-AUG-2017 06:09:14.024000",
        "22-AUG-2017 06:09:13.950000",
        "02-SEP-2017 06:09:14.838000",
        "13-SEP-2017 06:09:15.433000",
        "05-OCT-2017 06:09:16.505000"
    ],
    "dates": [
        "20151215",
        "20151226",
        "20160106",
        "20160117",
        "20160128",
        "20160208",
        "20160219",
        "20160301",
        "20160312",
        "20160323",
        "20160403",
        "20160414",
        "20160425",
        "20160506",
        "20160517",
        "20160528",
        "20160608",
        "20160619",
        "20160630",
        "20160711",
        "20160722",
        "20160802",
        "20160813",
        "20160824",
        "20160904",
        "20160915",
        "20160926",
        "20161007",
        "20161018",
        "20161029",
        "20161109",
        "20161120",
        "20161201",
        "20161212",
        "20161223",
        "20170103",
        "20170114",
        "20170125",
        "20170205",
        "20170216",
        "20170227",
        "20170310",
        "20170321",
        "20170401",
        "20170412",
        "20170423",
        "20170504",
        "20170515",
        "20170526",
        "20170606",
        "20170617",
        "20170628",
        "20170709",
        "20170720",
        "20170731",
        "20170811",
        "20170822",
        "20170902",
        "20170913",
        "20171005"
    ],
    "number of images": 60
}
}
